<?xml version="1.0" standalone="yes"?>
<Data xmlns="http://componentone.com/Data.xsd">
  <BackgroundRepeat d2p1:Name="None" d2p1:Value="no-repeat" xmlns:d2p1="http://componentone.com/Data.xsd" />
  <BackgroundRepeat d2p1:Name="Tiled" d2p1:Value="repeat" xmlns:d2p1="http://componentone.com/Data.xsd" />
  <BackgroundRepeat d2p1:Name="Horizontal" d2p1:Value="repeat-x" xmlns:d2p1="http://componentone.com/Data.xsd" />
  <BackgroundRepeat d2p1:Name="Vertical" d2p1:Value="repeat-y" xmlns:d2p1="http://componentone.com/Data.xsd" />
  <CommandStyle d2p1:Name="Text only" d2p1:Value="0" xmlns:d2p1="http://componentone.com/Data.xsd" />
  <CommandStyle d2p1:Name="Picture only" d2p1:Value="1" xmlns:d2p1="http://componentone.com/Data.xsd" />
  <CommandStyle d2p1:Name="Text and picture" d2p1:Value="2" xmlns:d2p1="http://componentone.com/Data.xsd" />
  <SizeType d2p1:Name="Percent" d2p1:Value="%" xmlns:d2p1="http://componentone.com/Data.xsd" />
  <SizeType d2p1:Name="Pixels" d2p1:Value="px" xmlns:d2p1="http://componentone.com/Data.xsd" />
  <FramePosition d2p1:Name="Top of topic" d2p1:Value="3" xmlns:d2p1="http://componentone.com/Data.xsd" />
  <FramePosition d2p1:Name="Bottom of topic" d2p1:Value="4" xmlns:d2p1="http://componentone.com/Data.xsd" />
  <FramePosition d2p1:Name="Top" d2p1:Value="1" xmlns:d2p1="http://componentone.com/Data.xsd" />
  <FramePosition d2p1:Name="Bottom" d2p1:Value="2" xmlns:d2p1="http://componentone.com/Data.xsd" />
  <FramePosition d2p1:Name="Left" d2p1:Value="5" xmlns:d2p1="http://componentone.com/Data.xsd" />
  <FramePosition d2p1:Name="None" d2p1:Value="0" xmlns:d2p1="http://componentone.com/Data.xsd" />
  <Background d2p1:Node="Document\Background" d2p1:Inherit="true" d2p1:UseColor="true" d2p1:Color="White" d2p1:UsePicture="false" d2p1:Repeat="no-repeat" d2p1:OnlyBody="false" d2p1:UseBtnColor="true" d2p1:BtnColor="window" xmlns:d2p1="http://componentone.com/Data.xsd" />
  <Background d2p1:Node="Popup\Background" d2p1:Inherit="false" d2p1:UseColor="true" d2p1:Color="LightYellow" d2p1:UsePicture="false" d2p1:Repeat="no-repeat" d2p1:OnlyBody="false" d2p1:UseBtnColor="true" d2p1:BtnColor="LightYellow" xmlns:d2p1="http://componentone.com/Data.xsd" />
  <Background d2p1:Node="Secondary\Background" d2p1:Inherit="false" d2p1:UseColor="true" d2p1:Color="Transparent" d2p1:UsePicture="false" d2p1:Repeat="no-repeat" d2p1:OnlyBody="false" d2p1:UseBtnColor="true" d2p1:BtnColor="White" xmlns:d2p1="http://componentone.com/Data.xsd" />
  <Background d2p1:Node="Contents\Background" d2p1:Inherit="false" d2p1:UseColor="true" d2p1:Color="#EBEBEB" d2p1:UsePicture="false" d2p1:Repeat="no-repeat" d2p1:OnlyBody="false" d2p1:UseBtnColor="true" d2p1:BtnColor="White" xmlns:d2p1="http://componentone.com/Data.xsd" />
  <Background d2p1:Node="Index\Background" d2p1:Inherit="false" d2p1:UseColor="true" d2p1:Color="#EBEBEB" d2p1:UsePicture="false" d2p1:Repeat="no-repeat" d2p1:OnlyBody="false" d2p1:UseBtnColor="true" d2p1:BtnColor="White" xmlns:d2p1="http://componentone.com/Data.xsd" />
  <Background d2p1:Node="Search\Background" d2p1:Inherit="false" d2p1:UseColor="true" d2p1:Color="#EBEBEB" d2p1:UsePicture="false" d2p1:Repeat="no-repeat" d2p1:OnlyBody="false" d2p1:UseBtnColor="true" d2p1:BtnColor="White" xmlns:d2p1="http://componentone.com/Data.xsd" />
  <Background d2p1:Node="Index\LookupBackground" d2p1:Inherit="false" d2p1:UseColor="true" d2p1:Color="#EBEBEB" d2p1:UsePicture="false" d2p1:Repeat="no-repeat" d2p1:OnlyBody="true" d2p1:UseBtnColor="true" d2p1:BtnColor="White" xmlns:d2p1="http://componentone.com/Data.xsd" />
  <Background d2p1:Node="Search\LookupBackground" d2p1:Inherit="false" d2p1:UseColor="true" d2p1:Color="#EBEBEB" d2p1:UsePicture="false" d2p1:Repeat="no-repeat" d2p1:OnlyBody="true" d2p1:UseBtnColor="false" d2p1:BtnColor="White" xmlns:d2p1="http://componentone.com/Data.xsd" />
  <Background d2p1:Node="Favorites\Background" d2p1:Inherit="false" d2p1:UseColor="true" d2p1:Color="#EBEBEB" d2p1:UsePicture="false" d2p1:Repeat="no-repeat" d2p1:OnlyBody="false" d2p1:UseBtnColor="true" d2p1:BtnColor="White" xmlns:d2p1="http://componentone.com/Data.xsd" />
  <Command d2p1:Node="Navigator\Commands\Previous" d2p1:Style="1" d2p1:UseSystem="false" d2p1:Visited="Verdana, 8.25pt" d2p1:Unvisited="Verdana, 8.25pt" d2p1:Rollover="Verdana, 8.25pt" d2p1:OpenPicture="ButtonsAndIcons\prev_vista.gif" d2p1:ClosePicture="ButtonsAndIcons\prev_d_vista.gif" d2p1:Name="Previous" d2p1:VisitedColor="Black" d2p1:UnvisitedColor="Silver" d2p1:RolloverColor="Black" d2p1:Normal="Verdana, 8pt" d2p1:NormalColor="WindowText" d2p1:InheritName="true" d2p1:ButtonStyle="2" d2p1:Custom="false" d2p1:Action="" xmlns:d2p1="http://componentone.com/Data.xsd" />
  <Command d2p1:Node="Navigator\Commands\Next" d2p1:Style="1" d2p1:UseSystem="false" d2p1:Visited="Verdana, 8.25pt" d2p1:Unvisited="Verdana, 8.25pt" d2p1:Rollover="Verdana, 8.25pt" d2p1:OpenPicture="ButtonsAndIcons\next_vista.gif" d2p1:ClosePicture="ButtonsAndIcons\next_d_vista.gif" d2p1:Name="Next" d2p1:VisitedColor="Black" d2p1:UnvisitedColor="Silver" d2p1:RolloverColor="Black" d2p1:Normal="Verdana, 8pt" d2p1:NormalColor="WindowText" d2p1:InheritName="true" d2p1:ButtonStyle="2" d2p1:Custom="false" d2p1:Action="" xmlns:d2p1="http://componentone.com/Data.xsd" />
  <Command d2p1:Node="Navigator\Commands\Contents" d2p1:Style="2" d2p1:UseSystem="false" d2p1:Visited="Verdana, 6.75pt" d2p1:Unvisited="Verdana, 6.75pt" d2p1:Rollover="Verdana, 6.75pt" d2p1:OpenPicture="ButtonsAndIcons\contents_vista.gif" d2p1:ClosePicture="ButtonsAndIcons\contents_vista.gif" d2p1:Name="Contents" d2p1:VisitedColor="Black" d2p1:UnvisitedColor="Black" d2p1:RolloverColor="Black" d2p1:Normal="Verdana, 8pt" d2p1:NormalColor="WindowText" d2p1:InheritName="true" d2p1:ButtonStyle="1" d2p1:Custom="false" d2p1:Action="" xmlns:d2p1="http://componentone.com/Data.xsd" />
  <Command d2p1:Node="Navigator\Commands\Index" d2p1:Style="2" d2p1:UseSystem="false" d2p1:Visited="Verdana, 6.75pt" d2p1:Unvisited="Verdana, 6.75pt" d2p1:Rollover="Verdana, 6.75pt" d2p1:OpenPicture="ButtonsAndIcons\index_vista.gif" d2p1:ClosePicture="ButtonsAndIcons\index_vista.gif" d2p1:Name="Index" d2p1:VisitedColor="Black" d2p1:UnvisitedColor="Black" d2p1:RolloverColor="Black" d2p1:Normal="Verdana, 8pt" d2p1:NormalColor="WindowText" d2p1:InheritName="true" d2p1:ButtonStyle="1" d2p1:Custom="false" d2p1:Action="" xmlns:d2p1="http://componentone.com/Data.xsd" />
  <Command d2p1:Node="Contents\Topic" d2p1:Style="2" d2p1:UseSystem="false" d2p1:Visited="Verdana, 8.25pt, style=Bold" d2p1:Unvisited="Verdana, 8.25pt" d2p1:Rollover="Verdana, 8.25pt, style=Underline" d2p1:OpenPicture="ButtonsAndIcons\open_vista.gif" d2p1:ClosePicture="ButtonsAndIcons\closed_vista.gif" d2p1:NormalPicture="ButtonsAndIcons\topic_vista.gif" d2p1:Name="TOC Item" d2p1:VisitedColor="Black" d2p1:UnvisitedColor="Black" d2p1:RolloverColor="Black" d2p1:Normal="Verdana, 8.25pt" d2p1:NormalColor="WindowText" d2p1:InheritName="false" d2p1:Custom="false" d2p1:Action="" xmlns:d2p1="http://componentone.com/Data.xsd" />
  <Command d2p1:Node="Index\Keyword" d2p1:Style="2" d2p1:UseSystem="false" d2p1:Visited="Verdana, 8.25pt, style=Bold" d2p1:Unvisited="Verdana, 8.25pt" d2p1:Rollover="Verdana, 8.25pt, style=Underline" d2p1:Name="Index Item" d2p1:VisitedColor="Black" d2p1:UnvisitedColor="Black" d2p1:RolloverColor="Black" d2p1:Normal="Verdana, 8pt" d2p1:NormalColor="WindowText" d2p1:InheritName="false" d2p1:Custom="false" d2p1:Action="" xmlns:d2p1="http://componentone.com/Data.xsd" />
  <Command d2p1:Node="Search\ResultItem" d2p1:Style="2" d2p1:UseSystem="false" d2p1:Visited="Verdana, 8.25pt, style=Bold" d2p1:Unvisited="Verdana, 8.25pt" d2p1:Rollover="Verdana, 8.25pt, style=Underline" d2p1:Name="Search Result Item" d2p1:VisitedColor="Black" d2p1:UnvisitedColor="Black" d2p1:RolloverColor="Black" d2p1:Normal="Verdana, 9.75pt" d2p1:NormalColor="WindowText" d2p1:InheritName="false" d2p1:Custom="false" d2p1:Action="" xmlns:d2p1="http://componentone.com/Data.xsd" />
  <Command d2p1:Node="Navigator\Commands\Search" d2p1:Style="2" d2p1:UseSystem="false" d2p1:Visited="Verdana, 6.75pt" d2p1:Unvisited="Verdana, 6.75pt" d2p1:Rollover="Verdana, 6.75pt" d2p1:OpenPicture="ButtonsAndIcons\search_vista.gif" d2p1:ClosePicture="ButtonsAndIcons\search_vista.gif" d2p1:Name="Search" d2p1:VisitedColor="Black" d2p1:UnvisitedColor="Black" d2p1:RolloverColor="Black" d2p1:Normal="Verdana, 8pt" d2p1:NormalColor="WindowText" d2p1:InheritName="true" d2p1:ButtonStyle="1" d2p1:Custom="false" d2p1:Action="" xmlns:d2p1="http://componentone.com/Data.xsd" />
  <Command d2p1:Node="Navigator\Commands\SyncToc" d2p1:Style="2" d2p1:UseSystem="false" d2p1:Visited="Verdana, 6.75pt" d2p1:Unvisited="Verdana, 6.75pt" d2p1:Rollover="Verdana, 6.75pt" d2p1:OpenPicture="ButtonsAndIcons\sync_vista.gif" d2p1:ClosePicture="ButtonsAndIcons\sync_vista.gif" d2p1:Name="Sync&amp;nbsp;TOC" d2p1:VisitedColor="White" d2p1:UnvisitedColor="Black" d2p1:RolloverColor="Black" d2p1:Normal="Verdana, 8pt" d2p1:NormalColor="WindowText" d2p1:InheritName="true" d2p1:ButtonStyle="2" d2p1:Custom="false" d2p1:Action="" xmlns:d2p1="http://componentone.com/Data.xsd" />
  <Command d2p1:Node="Navigator\Commands\HideNavigationPane" d2p1:Style="1" d2p1:UseSystem="false" d2p1:Visited="Verdana, 8.25pt" d2p1:Unvisited="Verdana, 8.25pt" d2p1:Rollover="Verdana, 8.25pt" d2p1:OpenPicture="ButtonsAndIcons\hidenav.gif" d2p1:ClosePicture="ButtonsAndIcons\hidenav.gif" d2p1:NormalPicture="ButtonsAndIcons\hidenav.gif" d2p1:Name="Hide Navigation Pane" d2p1:VisitedColor="White" d2p1:UnvisitedColor="Black" d2p1:RolloverColor="Black" d2p1:Normal="Verdana, 8pt" d2p1:NormalColor="WindowText" d2p1:InheritName="true" d2p1:ButtonStyle="2" d2p1:Custom="false" d2p1:Action="" xmlns:d2p1="http://componentone.com/Data.xsd" />
  <Command d2p1:Node="Navigator\Commands\Favorites" d2p1:Style="2" d2p1:UseSystem="false" d2p1:Visited="Verdana, 6.75pt" d2p1:Unvisited="Verdana, 6.75pt" d2p1:Rollover="Verdana, 6.75pt" d2p1:OpenPicture="ButtonsAndIcons\favorites_vista.gif" d2p1:ClosePicture="ButtonsAndIcons\favorites_vista.gif" d2p1:NormalPicture="" d2p1:Name="Favorites" d2p1:VisitedColor="Black" d2p1:UnvisitedColor="Black" d2p1:RolloverColor="Black" d2p1:Normal="Verdana, 8pt" d2p1:NormalColor="WindowText" d2p1:InheritName="true" d2p1:ButtonStyle="1" d2p1:Custom="false" d2p1:Action="" xmlns:d2p1="http://componentone.com/Data.xsd" />
  <Command d2p1:Node="Navigator\Commands\FavoritesAdd" d2p1:Style="1" d2p1:UseSystem="false" d2p1:Visited="Verdana, 8.25pt" d2p1:Unvisited="Verdana, 8.25pt" d2p1:Rollover="Verdana, 8.25pt" d2p1:OpenPicture="ButtonsAndIcons\favoritesadd_vista.gif" d2p1:ClosePicture="ButtonsAndIcons\favoritesadd_vista.gif" d2p1:NormalPicture="" d2p1:Name="Add to Favorites" d2p1:VisitedColor="White" d2p1:UnvisitedColor="Black" d2p1:RolloverColor="Black" d2p1:Normal="Verdana, 8pt" d2p1:NormalColor="WindowText" d2p1:InheritName="true" d2p1:ButtonStyle="2" d2p1:Custom="false" d2p1:Action="" xmlns:d2p1="http://componentone.com/Data.xsd" />
  <Command d2p1:Node="Navigator\Commands\Email" d2p1:Style="1" d2p1:UseSystem="false" d2p1:Visited="Verdana, 8.25pt" d2p1:Unvisited="Verdana, 8.25pt" d2p1:Rollover="Verdana, 8.25pt" d2p1:OpenPicture="ButtonsAndIcons\email_vista.gif" d2p1:ClosePicture="ButtonsAndIcons\email_vista.gif" d2p1:NormalPicture="" d2p1:Name="Email" d2p1:VisitedColor="Purple" d2p1:UnvisitedColor="Blue" d2p1:RolloverColor="Red" d2p1:Normal="Verdana, 8pt" d2p1:NormalColor="WindowText" d2p1:InheritName="true" d2p1:ButtonStyle="2" d2p1:Custom="false" d2p1:Action="" xmlns:d2p1="http://componentone.com/Data.xsd" />
  <Command d2p1:Node="Navigator\Commands\Print" d2p1:Style="1" d2p1:UseSystem="false" d2p1:Visited="Verdana, 8.25pt" d2p1:Unvisited="Verdana, 8.25pt" d2p1:Rollover="Verdana, 8.25pt" d2p1:OpenPicture="ButtonsAndIcons\print_vista.gif" d2p1:ClosePicture="ButtonsAndIcons\print_vista.gif" d2p1:NormalPicture="" d2p1:Name="Print" d2p1:VisitedColor="Purple" d2p1:UnvisitedColor="Silver" d2p1:RolloverColor="Red" d2p1:Normal="Verdana, 8pt" d2p1:NormalColor="WindowText" d2p1:InheritName="true" d2p1:ButtonStyle="2" d2p1:Custom="false" d2p1:Action="" xmlns:d2p1="http://componentone.com/Data.xsd" />
  <Command d2p1:Node="Favorites\Item" d2p1:Style="2" d2p1:UseSystem="false" d2p1:Visited="Verdana, 8.25pt, style=Bold" d2p1:Unvisited="Verdana, 8.25pt" d2p1:Rollover="Verdana, 8.25pt, style=Underline" d2p1:Name="Favorites Item" d2p1:VisitedColor="Black" d2p1:UnvisitedColor="Black" d2p1:RolloverColor="Black" d2p1:Normal="Verdana, 9.75pt" d2p1:NormalColor="WindowText" d2p1:InheritName="false" d2p1:ButtonStyle="1" d2p1:Custom="false" d2p1:Action="" xmlns:d2p1="http://componentone.com/Data.xsd" />
  <Command d2p1:Node="Navigator\Commands\Logo" d2p1:Style="1" d2p1:UseSystem="false" d2p1:Visited="Verdana, 8.25pt" d2p1:Unvisited="Verdana, 8.25pt" d2p1:Rollover="Verdana, 8.25pt" d2p1:OpenPicture="ButtonsAndIcons\d2h_toolbar_icon.gif" d2p1:ClosePicture="ButtonsAndIcons\d2h_toolbar_icon.gif" d2p1:Name="Powered&amp;nbsp;by&amp;nbsp;Doc-To-Help" d2p1:VisitedColor="Black" d2p1:UnvisitedColor="Silver" d2p1:RolloverColor="Black" d2p1:Normal="Verdana, 8pt" d2p1:NormalColor="WindowText" d2p1:InheritName="false" d2p1:ButtonStyle="2" d2p1:Custom="true" d2p1:Action="javascript:{var wnd = window.open('http://www.doctohelp.com', '_blank');}" xmlns:d2p1="http://componentone.com/Data.xsd" />
  <Command d2p1:Node="Navigator\Commands\Caption" d2p1:Style="0" d2p1:UseSystem="false" d2p1:Visited="Verdana, 8.25pt" d2p1:Unvisited="Verdana, 8.25pt, style=Bold" d2p1:Rollover="Verdana, 8.25pt, style=Bold" d2p1:Name="%LeftPaneCaption%" d2p1:VisitedColor="Black" d2p1:UnvisitedColor="White" d2p1:RolloverColor="White" d2p1:Normal="Verdana, 8pt" d2p1:NormalColor="WindowText" d2p1:InheritName="false" d2p1:ButtonStyle="2" d2p1:Custom="true" d2p1:Action="" xmlns:d2p1="http://componentone.com/Data.xsd" />
  <Command d2p1:Node="Navigator\Commands\Breadcrumbs" d2p1:Style="0" d2p1:UseSystem="false" d2p1:Visited="Verdana, 8.25pt" d2p1:Unvisited="Verdana, 8.25pt" d2p1:Rollover="Verdana, 8.25pt" d2p1:Name="%Breadcrumbs%" d2p1:VisitedColor="White" d2p1:UnvisitedColor="Black" d2p1:RolloverColor="Black" d2p1:Normal="Verdana, 8pt" d2p1:NormalColor="WindowText" d2p1:InheritName="false" d2p1:ButtonStyle="1" d2p1:Custom="true" d2p1:Action="" xmlns:d2p1="http://componentone.com/Data.xsd" />
  <Internal d2p1:Predefined="true" xmlns:d2p1="http://componentone.com/Data.xsd" />
  <Windows d2p1:Name="Navigator" d2p1:Value="Navigator" xmlns:d2p1="http://componentone.com/Data.xsd" />
  <Windows d2p1:Name="Document" d2p1:Value="Document" xmlns:d2p1="http://componentone.com/Data.xsd" />
  <Windows d2p1:Name="Popup" d2p1:Value="Popup" xmlns:d2p1="http://componentone.com/Data.xsd" />
  <Windows d2p1:Name="Secondary" d2p1:Value="Secondary" xmlns:d2p1="http://componentone.com/Data.xsd" />
  <Windows d2p1:Name="Contents" d2p1:Value="Contents" xmlns:d2p1="http://componentone.com/Data.xsd" />
  <Windows d2p1:Name="Index" d2p1:Value="Index" xmlns:d2p1="http://componentone.com/Data.xsd" />
  <Windows d2p1:Name="Search" d2p1:Value="Search" xmlns:d2p1="http://componentone.com/Data.xsd" />
  <Windows d2p1:Name="Favorites" d2p1:Value="Favorites" xmlns:d2p1="http://componentone.com/Data.xsd" />
  <Alignment d2p1:Name="Left" d2p1:Value="left" xmlns:d2p1="http://componentone.com/Data.xsd" />
  <Alignment d2p1:Name="Center" d2p1:Value="center" xmlns:d2p1="http://componentone.com/Data.xsd" />
  <Alignment d2p1:Name="Right" d2p1:Value="right" xmlns:d2p1="http://componentone.com/Data.xsd" />
  <IncludeFile d2p1:Node="Navigator\Customize" d2p1:Position="0" xmlns:d2p1="http://componentone.com/Data.xsd" />
  <IncludeFile d2p1:Node="Navigator\Customize" d2p1:Position="1" xmlns:d2p1="http://componentone.com/Data.xsd" />
  <IncludeFile d2p1:Node="Navigator\Customize" d2p1:Position="2" xmlns:d2p1="http://componentone.com/Data.xsd" />
  <IncludeFile d2p1:Node="Navigator\Customize" d2p1:Position="3" xmlns:d2p1="http://componentone.com/Data.xsd" />
  <IncludeFile d2p1:Node="Navigator\Customize" d2p1:Position="5" xmlns:d2p1="http://componentone.com/Data.xsd" />
  <IncludeFile d2p1:Node="Navigator\Customize" d2p1:Position="6" xmlns:d2p1="http://componentone.com/Data.xsd" />
  <IncludeFile d2p1:Node="Navigator\Customize" d2p1:Position="7" xmlns:d2p1="http://componentone.com/Data.xsd" />
  <IncludeFile d2p1:Node="Document\Customize" d2p1:Position="0" xmlns:d2p1="http://componentone.com/Data.xsd" />
  <IncludeFile d2p1:Node="Document\Customize" d2p1:Position="1" xmlns:d2p1="http://componentone.com/Data.xsd" />
  <IncludeFile d2p1:Node="Document\Customize" d2p1:Position="2" xmlns:d2p1="http://componentone.com/Data.xsd" />
  <IncludeFile d2p1:Node="Document\Customize" d2p1:Position="3" xmlns:d2p1="http://componentone.com/Data.xsd" />
  <IncludeFile d2p1:Node="Document\Customize" d2p1:Position="4" xmlns:d2p1="http://componentone.com/Data.xsd" />
  <IncludeFile d2p1:Node="Document\Customize" d2p1:Position="5" xmlns:d2p1="http://componentone.com/Data.xsd" />
  <IncludeFile d2p1:Node="Document\Customize" d2p1:Position="6" xmlns:d2p1="http://componentone.com/Data.xsd" />
  <IncludeFile d2p1:Node="Document\Customize" d2p1:Position="7" xmlns:d2p1="http://componentone.com/Data.xsd" />
  <IncludeFile d2p1:Node="Popup\Customize" d2p1:Position="0" xmlns:d2p1="http://componentone.com/Data.xsd" />
  <IncludeFile d2p1:Node="Popup\Customize" d2p1:Position="1" xmlns:d2p1="http://componentone.com/Data.xsd" />
  <IncludeFile d2p1:Node="Popup\Customize" d2p1:Position="2" xmlns:d2p1="http://componentone.com/Data.xsd" />
  <IncludeFile d2p1:Node="Popup\Customize" d2p1:Position="3" xmlns:d2p1="http://componentone.com/Data.xsd" />
  <IncludeFile d2p1:Node="Popup\Customize" d2p1:Position="4" xmlns:d2p1="http://componentone.com/Data.xsd" />
  <IncludeFile d2p1:Node="Popup\Customize" d2p1:Position="5" xmlns:d2p1="http://componentone.com/Data.xsd" />
  <IncludeFile d2p1:Node="Popup\Customize" d2p1:Position="6" xmlns:d2p1="http://componentone.com/Data.xsd" />
  <IncludeFile d2p1:Node="Popup\Customize" d2p1:Position="7" xmlns:d2p1="http://componentone.com/Data.xsd" />
  <IncludeFile d2p1:Node="Secondary\Customize" d2p1:Position="0" xmlns:d2p1="http://componentone.com/Data.xsd" />
  <IncludeFile d2p1:Node="Secondary\Customize" d2p1:Position="1" xmlns:d2p1="http://componentone.com/Data.xsd" />
  <IncludeFile d2p1:Node="Secondary\Customize" d2p1:Position="2" xmlns:d2p1="http://componentone.com/Data.xsd" />
  <IncludeFile d2p1:Node="Secondary\Customize" d2p1:Position="3" xmlns:d2p1="http://componentone.com/Data.xsd" />
  <IncludeFile d2p1:Node="Secondary\Customize" d2p1:Position="4" xmlns:d2p1="http://componentone.com/Data.xsd" />
  <IncludeFile d2p1:Node="Secondary\Customize" d2p1:Position="5" xmlns:d2p1="http://componentone.com/Data.xsd" />
  <IncludeFile d2p1:Node="Secondary\Customize" d2p1:Position="6" xmlns:d2p1="http://componentone.com/Data.xsd" />
  <IncludeFile d2p1:Node="Secondary\Customize" d2p1:Position="7" xmlns:d2p1="http://componentone.com/Data.xsd" />
  <IncludeFilePositions d2p1:ID="0" d2p1:Name="Top-Left" xmlns:d2p1="http://componentone.com/Data.xsd" />
  <IncludeFilePositions d2p1:ID="1" d2p1:Name="Top-Center" xmlns:d2p1="http://componentone.com/Data.xsd" />
  <IncludeFilePositions d2p1:ID="2" d2p1:Name="Top-Right" xmlns:d2p1="http://componentone.com/Data.xsd" />
  <IncludeFilePositions d2p1:ID="3" d2p1:Name="Left" xmlns:d2p1="http://componentone.com/Data.xsd" />
  <IncludeFilePositions d2p1:ID="4" d2p1:Name="Right" xmlns:d2p1="http://componentone.com/Data.xsd" />
  <IncludeFilePositions d2p1:ID="5" d2p1:Name="Bottom-Left" xmlns:d2p1="http://componentone.com/Data.xsd" />
  <IncludeFilePositions d2p1:ID="6" d2p1:Name="Bottom-Center" xmlns:d2p1="http://componentone.com/Data.xsd" />
  <IncludeFilePositions d2p1:ID="7" d2p1:Name="Bottom-Right" xmlns:d2p1="http://componentone.com/Data.xsd" />
  <Properties d2p1:Name="Version" d2p1:Value="155" xmlns:d2p1="http://componentone.com/Data.xsd" />
  <Strings d2p1:Name="Search\Strings" d2p1:InheritName="true" xmlns:d2p1="http://componentone.com/Data.xsd" />
  <Strings d2p1:Name="Index\Strings" d2p1:InheritName="true" xmlns:d2p1="http://componentone.com/Data.xsd" />
  <Strings d2p1:Name="Favorites\Strings" d2p1:InheritName="true" xmlns:d2p1="http://componentone.com/Data.xsd" />
  <StringValue d2p1:Node="Search\Strings" d2p1:Name="Caption" d2p1:Value="Search" xmlns:d2p1="http://componentone.com/Data.xsd" />
  <StringValue d2p1:Node="Search\Strings" d2p1:Name="Go" d2p1:Value="Go" xmlns:d2p1="http://componentone.com/Data.xsd" />
  <StringValue d2p1:Node="Index\Strings" d2p1:Name="Caption" d2p1:Value="Look for" xmlns:d2p1="http://componentone.com/Data.xsd" />
  <StringValue d2p1:Node="Search\Strings" d2p1:Name="Highlight" d2p1:Value="Search highlight hits" xmlns:d2p1="http://componentone.com/Data.xsd" />
  <StringValue d2p1:Node="Favorites\Strings" d2p1:Name="Caption" d2p1:Value="" xmlns:d2p1="http://componentone.com/Data.xsd" />
  <StringValue d2p1:Node="Favorites\Strings" d2p1:Name="Delete" d2p1:Value="Delete" xmlns:d2p1="http://componentone.com/Data.xsd" />
  <Message d2p1:Windows="Search\Message" d2p1:Name="JavaScriptDisabled" d2p1:Caption="JavaScript disabled" d2p1:Value="msgJsDisabled.htm" xmlns:d2p1="http://componentone.com/Data.xsd" />
  <Message d2p1:Windows="Search\Message" d2p1:Name="JavaDisabled" d2p1:Caption="Java disabled or not installed" d2p1:Value="msgJavaDisabled.htm" xmlns:d2p1="http://componentone.com/Data.xsd" />
  <Message d2p1:Windows="Search\Message" d2p1:Name="BrowserNotSupported" d2p1:Caption="Browser not supported" d2p1:Value="msgBrowserUnsupported.htm" xmlns:d2p1="http://componentone.com/Data.xsd" />
  <Message d2p1:Windows="Navigator\Message" d2p1:Name="FramesNotSupported" d2p1:Caption="Browser does not support frames" d2p1:Value="msgFramesNotSupported.htm" xmlns:d2p1="http://componentone.com/Data.xsd" />
  <Message d2p1:Windows="Search\Message" d2p1:Name="PathContainsNonASCIISymbols" d2p1:Caption="Path contains non-ASCII characters" d2p1:Value="msgNonASCII.htm" xmlns:d2p1="http://componentone.com/Data.xsd" />
  <TopicTextLayout d2p1:ShowIndent="true" d2p1:Nonscrolling="false" d2p1:IncludeTitle="false" d2p1:Position="0" xmlns:d2p1="http://componentone.com/Data.xsd" />
  <Menu d2p1:Node="PopupMenu\ItemNormal" d2p1:BgColor="#d4d0c8" d2p1:Font="Verdana, 8.25pt" d2p1:ForeColor="#000000" d2p1:UseBorder="false" d2p1:BorderColor="#808080" xmlns:d2p1="http://componentone.com/Data.xsd" />
  <Menu d2p1:Node="PopupMenu\ItemHover" d2p1:BgColor="#0a246a" d2p1:Font="Verdana, 8.25pt" d2p1:ForeColor="#FFFFFF" d2p1:UseBorder="true" d2p1:BorderColor="#808080" xmlns:d2p1="http://componentone.com/Data.xsd" />
  <Highlight d2p1:Node="Search\Highlight" d2p1:ForeColor="#FFFFFF" d2p1:BgColor="#0A246A" d2p1:ShowHiglightCheckbox="true" d2p1:HighlightInitialState="true" xmlns:d2p1="http://componentone.com/Data.xsd" />
  <AltPictureStrings d2p1:PictAltClosedBookWithoutTopic="Closed book without topic" d2p1:PictAltOpenBookWithoutTopic="Open book without topic" d2p1:PictAltClosedBookWithTopic="Closed book with topic" d2p1:PictAltOpenBookWithTopic="Open book with topic" d2p1:PictAltTopic="Topic" xmlns:d2p1="http://componentone.com/Data.xsd" />
  <HotSpotTitles d2p1:Jump="link" d2p1:Popup="popup" d2p1:ExpandingText="expanding text" d2p1:DropdownText="dropdown text" xmlns:d2p1="http://componentone.com/Data.xsd" />
  <OtherAccessibilityStrings d2p1:StringFoundMany="%d topics found." d2p1:FrameTopicText="Topic text" d2p1:FrameNavigationPanes="Navigation panes" d2p1:FrameTopicNavigation="Topic navigation" d2p1:FrameTopTopicNavigation="Top topic navigation" d2p1:FrameBottomTopicNavigation="Bottom topic navigation" d2p1:FrameSearchLookupPane="Search lookup pane" d2p1:FrameSearchResultList="Search result list" d2p1:FrameIndexLookupPane="Index lookup pane" d2p1:FrameIndexResultList="Index list" xmlns:d2p1="http://componentone.com/Data.xsd" />
  <ToolBar d2p1:Name="Main" d2p1:Appearance="1" d2p1:Position="0" d2p1:ToolbarHeight="27" d2p1:ButtonHeight="23" d2p1:ButtonWidth="0" d2p1:Border="true" d2p1:BackgroundColor="window" d2p1:BackgroundPicture="Backgrounds\background2.png" d2p1:SelectedButtonColor="Orange" d2p1:UseBackgroundPicture="true" d2p1:UseBackgroundColor="false" d2p1:UseSelectedButtonColor="true" d2p1:UseHoverColor="true" d2p1:HoverColor="PaleGoldenrod" d2p1:SameAsBody="false" d2p1:Node="Navigator\MainToolbar\Main" d2p1:Use3DButtons="false" d2p1:UseFixedButtonWidth="false" d2p1:BackgroundRepeat="repeat-x" d2p1:UseGradientBackground="true" xmlns:d2p1="http://componentone.com/Data.xsd" />
  <ToolBar d2p1:Name="Left" d2p1:Appearance="1" d2p1:Position="0" d2p1:ToolbarHeight="25" d2p1:ButtonHeight="16" d2p1:ButtonWidth="16" d2p1:Border="true" d2p1:BackgroundColor="window" d2p1:BackgroundPicture="Backgrounds\background3.PNG" d2p1:SelectedButtonColor="#EBEBEB" d2p1:UseBackgroundPicture="true" d2p1:UseBackgroundColor="false" d2p1:UseSelectedButtonColor="false" d2p1:UseHoverColor="false" d2p1:HoverColor="DarkSeaGreen" d2p1:SameAsBody="false" d2p1:Node="Navigator\LeftToolbar\Left" d2p1:Use3DButtons="false" d2p1:UseFixedButtonWidth="true" d2p1:BackgroundRepeat="repeat-x" d2p1:UseGradientBackground="true" xmlns:d2p1="http://componentone.com/Data.xsd" />
  <ToolBar d2p1:Name="Topic" d2p1:Appearance="0" d2p1:Position="0" d2p1:ToolbarHeight="30" d2p1:ButtonHeight="26" d2p1:ButtonWidth="0" d2p1:Border="false" d2p1:BackgroundColor="window" d2p1:BackgroundPicture="" d2p1:SelectedButtonColor="window" d2p1:UseBackgroundPicture="false" d2p1:UseBackgroundColor="false" d2p1:UseSelectedButtonColor="false" d2p1:UseHoverColor="false" d2p1:HoverColor="window" d2p1:SameAsBody="true" d2p1:Node="Navigator\TopicToolbar\Topic" d2p1:Use3DButtons="false" d2p1:UseFixedButtonWidth="false" d2p1:BackgroundRepeat="no-repeat" d2p1:UseGradientBackground="false" xmlns:d2p1="http://componentone.com/Data.xsd" />
  <ButtonsGroup d2p1:Name="Toggles" d2p1:Toolbar="Main" d2p1:Order="1" d2p1:Alignment="0" d2p1:SeparatorString="&amp;nbsp;" d2p1:Border="true" xmlns:d2p1="http://componentone.com/Data.xsd" />
  <ButtonsGroup d2p1:Name="Navigation" d2p1:Toolbar="Main" d2p1:Order="0" d2p1:Alignment="0" d2p1:SeparatorString="&amp;nbsp;" d2p1:Border="true" xmlns:d2p1="http://componentone.com/Data.xsd" />
  <ButtonsGroup d2p1:Name="Right" d2p1:Toolbar="Left" d2p1:Order="1" d2p1:Alignment="2" d2p1:SeparatorString="&amp;nbsp;" d2p1:Border="false" xmlns:d2p1="http://componentone.com/Data.xsd" />
  <ButtonsGroup d2p1:Name="Action" d2p1:Toolbar="Main" d2p1:Order="3" d2p1:Alignment="0" d2p1:SeparatorString="&amp;nbsp;" d2p1:Border="true" xmlns:d2p1="http://componentone.com/Data.xsd" />
  <ButtonsGroup d2p1:Name="Favs" d2p1:Toolbar="Main" d2p1:Order="2" d2p1:Alignment="0" d2p1:SeparatorString="&amp;nbsp;" d2p1:Border="true" xmlns:d2p1="http://componentone.com/Data.xsd" />
  <ButtonsGroup d2p1:Name="Logo" d2p1:Toolbar="Main" d2p1:Order="4" d2p1:Alignment="2" d2p1:SeparatorString="&amp;nbsp;" d2p1:Border="true" xmlns:d2p1="http://componentone.com/Data.xsd" />
  <ButtonsGroup d2p1:Name="Caption" d2p1:Toolbar="Left" d2p1:Order="0" d2p1:Alignment="0" d2p1:SeparatorString="&amp;nbsp;" d2p1:Border="false" xmlns:d2p1="http://componentone.com/Data.xsd" />
  <Button d2p1:Name="Navigator\Commands\Previous" d2p1:Group="Navigation" d2p1:Order="0" xmlns:d2p1="http://componentone.com/Data.xsd" />
  <Button d2p1:Name="Navigator\Commands\Next" d2p1:Group="Navigation" d2p1:Order="1" xmlns:d2p1="http://componentone.com/Data.xsd" />
  <Button d2p1:Name="Navigator\Commands\HideNavigationPane" d2p1:Group="Right" d2p1:Order="0" xmlns:d2p1="http://componentone.com/Data.xsd" />
  <Button d2p1:Name="Navigator\Commands\Contents" d2p1:Group="Toggles" d2p1:Order="0" xmlns:d2p1="http://componentone.com/Data.xsd" />
  <Button d2p1:Name="Navigator\Commands\Index" d2p1:Group="Toggles" d2p1:Order="1" xmlns:d2p1="http://componentone.com/Data.xsd" />
  <Button d2p1:Name="Navigator\Commands\Search" d2p1:Group="Toggles" d2p1:Order="2" xmlns:d2p1="http://componentone.com/Data.xsd" />
  <Button d2p1:Name="Navigator\Commands\Print" d2p1:Group="Action" d2p1:Order="0" xmlns:d2p1="http://componentone.com/Data.xsd" />
  <Button d2p1:Name="Navigator\Commands\Email" d2p1:Group="Action" d2p1:Order="1" xmlns:d2p1="http://componentone.com/Data.xsd" />
  <Button d2p1:Name="Navigator\Commands\Favorites" d2p1:Group="Favs" d2p1:Order="0" xmlns:d2p1="http://componentone.com/Data.xsd" />
  <Button d2p1:Name="Navigator\Commands\FavoritesAdd" d2p1:Group="Favs" d2p1:Order="1" xmlns:d2p1="http://componentone.com/Data.xsd" />
  <Button d2p1:Name="Navigator\Commands\Logo" d2p1:Group="Logo" d2p1:Order="0" xmlns:d2p1="http://componentone.com/Data.xsd" />
  <Button d2p1:Name="Navigator\Commands\Caption" d2p1:Group="Caption" d2p1:Order="0" xmlns:d2p1="http://componentone.com/Data.xsd" />
  <Globals d2p1:BodyBackgroundColor="#535353" d2p1:UseBodyBackgroundColor="true" d2p1:EMailSubject="RE: &quot;%TopicTitle%&quot;" d2p1:BorderMargin="2" d2p1:TopicMargin="5" xmlns:d2p1="http://componentone.com/Data.xsd" />
  <Breadcrumbs d2p1:UseBreadcrumbs="true" d2p1:UseSeparator="true" d2p1:InheritLabel="true" d2p1:ContentsOnlyStyle="Verdana, 8pt" d2p1:SelectedStyle="Verdana, 8pt" d2p1:NormalStyle="Verdana, 8pt" d2p1:HoverStyle="Verdana, 8pt" d2p1:UseDefaultStyles="false" d2p1:ContentsOnlyColor="WindowText" d2p1:SelectedColor="Purple" d2p1:NormalColor="Navy" d2p1:HoverColor="Red" d2p1:LinkSeparator=" &gt; " d2p1:LabelStyle="Verdana, 8pt" d2p1:LinkSeparatorStyle="Verdana, 8pt" d2p1:LabelColor="WindowText" d2p1:LinkSeparatorColor="WindowText" d2p1:IncludeCurrentTopic="false" xmlns:d2p1="http://componentone.com/Data.xsd" />
</Data>